Workbook

Sheet Summary
A1: TalentLens — End-to-End Test Summary
A2: Statuses update live from the Test Cases sheet.
A4: Total cases | B4: =COUNTA('Test Cases'!A2:A400)
A5: Passed | B5: =COUNTIF('Test Cases'!H2:H400,"Pass")
A6: Failed | B6: =COUNTIF('Test Cases'!H2:H400,"Fail")
A7: Blocked | B7: =COUNTIF('Test Cases'!H2:H400,"Blocked")
A8: Not run | B8: =COUNTA('Test Cases'!A2:A400)-COUNTIF('Test Cases'!H2:H400,"Pass")-COUNTIF('Test Cases'!H2:H400,"Fail")-COUNTIF('Test Cases'!H2:H400,"Blocked")
A9: Pass rate | B9: =IF(COUNTA('Test Cases'!A2:A400)=0,0,COUNTIF('Test Cases'!H2:H400,"Pass")/COUNTA('Test Cases'!A2:A400))
A10: P0 total | B10: =COUNTIF('Test Cases'!C2:C400,"P0")
A11: P0 passed | B11: =COUNTIFS('Test Cases'!C2:C400,"P0",'Test Cases'!H2:H400,"Pass")
A12: P0 failed | B12: =COUNTIFS('Test Cases'!C2:C400,"P0",'Test Cases'!H2:H400,"Fail")
A13: Release gate (100% P0 pass, 0 P0 fail) | B13: =IF(AND(B10=B8,B9=0),"GO","NO-GO")
A16: Per-area results
A17: Area | B17: Total | C17: Pass | D17: Fail | E17: Blocked
A18: Auth & Nav | B18: =COUNTIF('Test Cases'!B2:B400,A18) | C18: =COUNTIFS('Test Cases'!B2:B400,A18,'Test Cases'!H2:H400,"Pass") | D18: =COUNTIFS('Test Cases'!B2:B400,A18,'Test Cases'!H2:H400,"Fail") | E18: =COUNTIFS('Test Cases'!B2:B400,A18,'Test Cases'!H2:H400,"Blocked")
A19: Job description | B19: =COUNTIF('Test Cases'!B2:B400,A19) | C19: =COUNTIFS('Test Cases'!B2:B400,A19,'Test Cases'!H2:H400,"Pass") | D19: =COUNTIFS('Test Cases'!B2:B400,A19,'Test Cases'!H2:H400,"Fail") | E19: =COUNTIFS('Test Cases'!B2:B400,A19,'Test Cases'!H2:H400,"Blocked")
A20: Screening accuracy | B20: =COUNTIF('Test Cases'!B2:B400,A20) | C20: =COUNTIFS('Test Cases'!B2:B400,A20,'Test Cases'!H2:H400,"Pass") | D20: =COUNTIFS('Test Cases'!B2:B400,A20,'Test Cases'!H2:H400,"Fail") | E20: =COUNTIFS('Test Cases'!B2:B400,A20,'Test Cases'!H2:H400,"Blocked")
A21: Results | B21: =COUNTIF('Test Cases'!B2:B400,A21) | C21: =COUNTIFS('Test Cases'!B2:B400,A21,'Test Cases'!H2:H400,"Pass") | D21: =COUNTIFS('Test Cases'!B2:B400,A21,'Test Cases'!H2:H400,"Fail") | E21: =COUNTIFS('Test Cases'!B2:B400,A21,'Test Cases'!H2:H400,"Blocked")
A22: Gmail | B22: =COUNTIF('Test Cases'!B2:B400,A22) | C22: =COUNTIFS('Test Cases'!B2:B400,A22,'Test Cases'!H2:H400,"Pass") | D22: =COUNTIFS('Test Cases'!B2:B400,A22,'Test Cases'!H2:H400,"Fail") | E22: =COUNTIFS('Test Cases'!B2:B400,A22,'Test Cases'!H2:H400,"Blocked")
A23: History | B23: =COUNTIF('Test Cases'!B2:B400,A23) | C23: =COUNTIFS('Test Cases'!B2:B400,A23,'Test Cases'!H2:H400,"Pass") | D23: =COUNTIFS('Test Cases'!B2:B400,A23,'Test Cases'!H2:H400,"Fail") | E23: =COUNTIFS('Test Cases'!B2:B400,A23,'Test Cases'!H2:H400,"Blocked")
A24: Talent pool | B24: =COUNTIF('Test Cases'!B2:B400,A24) | C24: =COUNTIFS('Test Cases'!B2:B400,A24,'Test Cases'!H2:H400,"Pass") | D24: =COUNTIFS('Test Cases'!B2:B400,A24,'Test Cases'!H2:H400,"Fail") | E24: =COUNTIFS('Test Cases'!B2:B400,A24,'Test Cases'!H2:H400,"Blocked")
A25: Analytics | B25: =COUNTIF('Test Cases'!B2:B400,A25) | C25: =COUNTIFS('Test Cases'!B2:B400,A25,'Test Cases'!H2:H400,"Pass") | D25: =COUNTIFS('Test Cases'!B2:B400,A25,'Test Cases'!H2:H400,"Fail") | E25: =COUNTIFS('Test Cases'!B2:B400,A25,'Test Cases'!H2:H400,"Blocked")
A26: Profile | B26: =COUNTIF('Test Cases'!B2:B400,A26) | C26: =COUNTIFS('Test Cases'!B2:B400,A26,'Test Cases'!H2:H400,"Pass") | D26: =COUNTIFS('Test Cases'!B2:B400,A26,'Test Cases'!H2:H400,"Fail") | E26: =COUNTIFS('Test Cases'!B2:B400,A26,'Test Cases'!H2:H400,"Blocked")
A27: Settings | B27: =COUNTIF('Test Cases'!B2:B400,A27) | C27: =COUNTIFS('Test Cases'!B2:B400,A27,'Test Cases'!H2:H400,"Pass") | D27: =COUNTIFS('Test Cases'!B2:B400,A27,'Test Cases'!H2:H400,"Fail") | E27: =COUNTIFS('Test Cases'!B2:B400,A27,'Test Cases'!H2:H400,"Blocked")
A28: Security | B28: =COUNTIF('Test Cases'!B2:B400,A28) | C28: =COUNTIFS('Test Cases'!B2:B400,A28,'Test Cases'!H2:H400,"Pass") | D28: =COUNTIFS('Test Cases'!B2:B400,A28,'Test Cases'!H2:H400,"Fail") | E28: =COUNTIFS('Test Cases'!B2:B400,A28,'Test Cases'!H2:H400,"Blocked")
A29: API | B29: =COUNTIF('Test Cases'!B2:B400,A29) | C29: =COUNTIFS('Test Cases'!B2:B400,A29,'Test Cases'!H2:H400,"Pass") | D29: =COUNTIFS('Test Cases'!B2:B400,A29,'Test Cases'!H2:H400,"Fail") | E29: =COUNTIFS('Test Cases'!B2:B400,A29,'Test Cases'!H2:H400,"Blocked")
A30: Non-functional | B30: =COUNTIF('Test Cases'!B2:B400,A30) | C30: =COUNTIFS('Test Cases'!B2:B400,A30,'Test Cases'!H2:H400,"Pass") | D30: =COUNTIFS('Test Cases'!B2:B400,A30,'Test Cases'!H2:H400,"Fail") | E30: =COUNTIFS('Test Cases'!B2:B400,A30,'Test Cases'!H2:H400,"Blocked")

Sheet Test Cases
A1: ID | B1: Area | C1: Priority | D1: Title | E1: Preconditions | F1: Steps | G1: Expected result | H1: Status | I1: Actual result | J1: Tester | K1: Date | L1: Bug ID | M1: Notes
A2: AUTH-01 | B2: Auth & Nav | C2: P0 | D2: Landing page for visitors | E2: Signed out | F2: Open / | G2: Landing page with Sign in / Get started; no console errors
A3: AUTH-02 | B3: Auth & Nav | C3: P0 | D3: Get started deep-links to sign-up | E3: Signed out | F3: Click Get started | G3: /login?mode=up with Create account tab selected
A4: AUTH-03 | B4: Auth & Nav | C4: P0 | D4: Create account | E4: Supabase configured | F4: Fill name, email, password; submit | G4: Success toast; dashboard or 'check your email'; profiles row created with full name
A5: AUTH-04 | B5: Auth & Nav | C5: P0 | D5: Wrong password | E5: Account exists | F5: Sign in with wrong password | G5: Error toast with message; stays on login
A6: AUTH-05 | B6: Auth & Nav | C6: P0 | D6: Sign in | E6: Account exists | F6: Sign in correctly | G6: Dashboard shows 'Welcome back, <first name>'
A7: AUTH-06 | B7: Auth & Nav | C7: P0 | D7: Protected route redirect | E7: Signed out | F7: Open /history | G7: Redirected to /login
A8: AUTH-07 | B8: Auth & Nav | C8: P1 | D8: Login redirect when signed in | E8: Signed in | F8: Open /login | G8: Redirected to /
A9: AUTH-08 | B9: Auth & Nav | C9: P1 | D9: 404 page | E9: Signed in | F9: Open /nonexistent | G9: 'Page not found' inside app layout with link home
A10: NAV-01 | B10: Auth & Nav | C10: P0 | D10: Primary navigation | E10: Signed in | F10: Click each nav item | G10: Correct page; active pill animates; URL updates; transition plays
A11: NAV-02 | B11: Auth & Nav | C11: P1 | D11: Mobile navigation | E11: Signed in | F11: Resize to 375px; open hamburger; navigate | G11: Menu works; no horizontal page scroll
A12: NAV-03 | B12: Auth & Nav | C12: P1 | D12: Theme toggle | E12: Signed in | F12: Toggle sun/moon; reload; check gold buttons, inputs, tags in both themes | G12: Theme switches and persists; all text readable
A13: NAV-04 | B13: Auth & Nav | C13: P1 | D13: User menu | E13: Signed in | F13: Avatar → Profile / Settings / Sign out | G13: Each action works
... A104: NF-07 | B104: Non-functional | C104: P2 | D104: Reduced motion | E104: OS setting on | F104: Load app | G104: Animations effectively disabled

Sheet Test Data
A1: File / asset | B1: Contents | C1: Expected behaviour
A2: strong.pdf | B2: All must-haves, 7+ yrs via date ranges | C2: Ranks #1; score ≥ 75; all must-haves matched
A3: partial.pdf | B3: Classical ML; missing LLM/RAG/prompt/OpenAI-Claude | C3: Lower half; missing must-haves with +points
A4: weak.docx | B4: Sales profile, incidental Excel/SQL | C4: Score < 40
A5: alt-a.pdf / alt-b.pdf | B5: TensorFlow-only vs PyTorch-only | C5: Both satisfy 'TensorFlow or PyTorch'
A6: student.pdf | B6: Education 2022–2026 + internship May–Aug 2025 | C6: Experience ≈ 0.3y; headline names internship
A7: typo.txt | B7: Pyhton / Kubernets / Tensorflw | C7: Fuzzy-matched
A8: notresume.pdf | B8: Hostel leaving letter | C8: Flagged not-a-resume, excluded
A9: dup1.pdf + dup2.pdf | B9: Identical content | C9: Second reported duplicate
A10: same-person.pdf | B10: Same email as strong.pdf | C10: 'possible duplicate' badge
A11: scanned.pdf | B11: Image-only PDF | C11: Error: no extractable text
A12: big.pdf | B12: > 15 MB | C12: 413 rejected
... A15: Gmail label QA-Applications | B15: 3 resume emails (one with 2 attachments), 1 non-resume, 1 no attachment — all unread | C15: GM-06 expectations
A18: Generate with: backend\venv\Scripts\python.exe scripts\make_test_data.py → ./test-data/

Sheet Smoke (5 min)
A1: # | B1: Check | C1: Status | D1: Notes
A2: 1 | B2: GET /api/ready → semantic_model: ready
A3: 2 | B3: Sign in → dashboard loads, no console errors
A4: 3 | B4: Upload strong.pdf + notresume.pdf with JD-GOOD → strong ranked, notresume flagged
A5: 4 | B5: Set a status + note → reload → still there
A6: 5 | B6: Export Excel opens with Status/Notes columns
A7: 6 | B7: Gmail: labels load; screen QA-Applications (Unread only off) returns candidates
A8: 7 | B8: Toggle theme both ways

Sheet Bug Log
A1: Bug ID | B1: Test case ID | C1: Severity | D1: Title | E1: Environment (browser/theme/viewport/backend version) | F1: Steps to reproduce | G1: Expected | H1: Actual | I1: Request ID (X-Request-ID) | J1: Screenshot / log ref | K1: Status | L1: Owner | M1: Fixed in
